<?xml version="1.0" encoding="UTF-8"?>
<project-private xmlns="http://www.netbeans.org/ns/project-private/1">
    <editor-bookmarks xmlns="http://www.netbeans.org/ns/editor-bookmarks/2" lastBookmarkId="0"/>
    <open-files xmlns="http://www.netbeans.org/ns/projectui-open-files/2">
        <group>
            <file>file:/home/student2/aasamaro/coe891_netbeans/lab1/q2/question2/src/lab1q2/ArrayMult.java</file>
            <file>file:/home/student2/aasamaro/coe891_netbeans/lab1/q2/question2/test/lab1q2/ArrayMultTest.java</file>
        </group>
    </open-files>
</project-private>
